No,詳細,グループ名,会社名,URL,会社フリガナ▲1
101, ,□正会員,株式会社ウェッブアイ,http://www.webi.co.jp,ウェッブアイ
102, ,□正会員,株式会社ウェブインパクト,https://www.webimpact.co.jp/,ウェブインパクト
103, ,□正会員,株式会社ウェルキッズ,https://www.wel-kids.co.jp/,ウェルキッズ
104, ,□正会員,株式会社ウエンズ,https://wends.co.jp/,ウエンズ
105, ,□正会員,株式会社ウォーカー,https://www.walker.co.jp/,ウォーカー
106, ,□正会員,株式会社ウチダ人材開発センタ,https://www.uhd.co.jp/,ウチダジンザイカイハツセンタ
107, ,□正会員,株式会社内田洋行,https://www.uchida.co.jp/,ウチダヨウコウ
108, ,□正会員,株式会社エーアイスピリッツ,https://aispirits.com/,エーアイスピリッツ
109, ,□正会員,株式会社AMBC,http://www.ambc.jp/,エーエムビーシー
110, ,□正会員,株式会社エージェント・インシュアランス・グループ,https://a-gent.co.jp/,エージェントインシュアランスグループ
111, ,□正会員,AZPower株式会社,https://azpower.co.jp,エーゼットパワー
112, ,□正会員,株式会社ATJC,https://atjc-it.jp/,エーティージェーシー
113, ,□正会員,株式会社エーティーワークス,https://www.atworks.co.jp/,エーティーワークス
114, ,□正会員,株式会社ai-Health,http://ai-health.co.jp/,エイアイヘルス
115, ,□準会員,株式会社HRリンク,https://hrlink.jp/,エイチアールリンク
116, ,□正会員,株式会社HICサービス,http://www.hicservice.co.jp/,エイチアイシーサービス
117, ,□正会員,株式会社H&Eテクノロジー,https://hri-global.co.jp/,エイチアンドイーテクノロジー
118, ,□正会員,エイチスリーパートナーズ有限会社,https://www.ossplaza.com/,エイチスリーパートナーズ
119, ,□正会員,株式会社エイトレッド,https://www.atled.jp/,エイトレッド
120, ,□正会員,株式会社エイワット,https://eiwat.co.jp/,エイワット
121, ,□正会員,株式会社エクスト,https://www.ext.ne.jp/,エクスト
122, ,□正会員,エクスペリオンインドコスモテクノロジース株式会社,https://www.experion-indocosmo.co.jp,エクスペリオンインドコスモテクノロジース
123, ,□正会員,株式会社エクセルシア,http://www.excelsior.co.jp/,エクセルシア
124, ,□準会員,株式会社エコ・ドルフィンズ,,エコドルフインズ
125, ,□正会員,株式会社ＳＲＡ,https://www.sra.co.jp/,エスアールエイ
126, ,□正会員,エスアールエム　テクノロジーズ　プライベート　リミテッド,https://japan.srmtech.com,エスアールエムテクノロジーズプライベートリミテッド
127, ,□正会員,株式会社エスアイイー,https://sie.co.jp/,エスアイイー
128, ,□正会員,株式会社エスアイ・システム,http://www.si-system.jp,エスアイシステム
129, ,□正会員,株式会社SEデザイン,https://www.sedesign.co.jp/,エスイーデザイン
130, ,□正会員,エス・エー・エス株式会社,https://sas-com.com,エスエーエス
131, ,□正会員,株式会社SHP,https://socialhealth.co.jp,エスエイチピー
132, ,□正会員,株式会社SNSソフト,https://www.snssoft.co.jp,エスエヌエスソフト
133, ,□正会員,エスコ・ジャパン株式会社,https://www.escco.co.jp/,エスコジャパン
134, ,□正会員,SCSK株式会社,https://www.scsk.jp/,エスシーエスケイ
135, ,□正会員,SCデジタル株式会社,https://www.scdigital.co.jp/,エスシーデジタル
136, ,□正会員,株式会社STVテック,https://www.stv-tech.co.jp/,エステイーブイテック
137, ,□準会員,株式会社SDキャリアサポート,,エスディーキャリアサポート
138, ,□正会員,SB C&S 株式会社,https://cas.softbank.jp/,エスビーシーアンドエス
139, ,□正会員,SBテクノロジー株式会社,https://www.softbanktech.co.jp/,エスビーテクノロジー
140, ,□正会員,株式会社ＳＰ ＥＸＰＥＲＴ’Ｓ,https://www.spexperts.co.jp/,エスピーエキスパーツ
141, ,□正会員,株式会社エスペシャリィ,https://especially.co.jp,エスペシャリィ
142, ,□一般賛助会員,一般社団法人XBRL Japan,http://www.xbrl.or.jp/,エックスビーアールエルジャパン
143, ,□正会員,株式会社エッジコネクト,https://edge-con.co.jp/,エッジコネクト
144, ,□正会員,株式会社NCP相続センター,https://www.ncp-law.com/souzokucenter/index.html,エヌシーピソウゾクセンター
145, ,□正会員,NJCネットコミュニケーションズ株式会社,https://www.netcoms.ne.jp/,エヌジェーシーネットコミュニケーションズ
146, ,□正会員,株式会社エヌ・ティ・ティエムイー,https://www.ntt-me.co.jp/,エヌティティエムイー
147, ,□正会員,株式会社ＮＴＴドコモ,https://www.docomo.ne.jp/,エヌティティドコモ
148, ,□正会員,株式会社NDR,https://www.ndr.ne.jp/,エヌディーアール
149, ,□正会員,NPO地域づくり工房,http://npo.omachi.org/,エヌピーオーチイキヅクリコウボウ
150, ,□正会員,NYKオフィス社会保険労務士法人,http://www.nykoffice.net/,エヌワイケイオフィスシャカイホケンロウムシホウジン
151, ,□正会員,エフアンドエムネット株式会社,https://www.fandmnet.com/,エフアンドエムネット
152, ,□正会員,株式会社F&Lソリューション,https://fl-sol.com/,エフアンドエルソリューション
153, ,□正会員,株式会社FM. Bee,http://www.fmbee.com/,エフエムビー
154, ,□正会員,エブリセンスジャパン株式会社,https://every-sense.com/,エブリセンスジャパン
155, ,□正会員,エプソン販売株式会社,https://www.epson.jp/,エプソンハンバイ
156, ,□正会員,ＭＲＴ株式会社,http://medrt.co.jp,エムアールティ
157, ,□正会員,株式会社ＭＭ総研,https://www.m2ri.jp/,エムエムソウケン
158, ,□正会員,株式会社eMoBi,https://www.emobi.co.jp/,エモビ
159, ,□正会員,LIJ株式会社,https://www.los-ij.co.jp/,エルアイジェイ
160, ,□正会員,株式会社エルテス,https://eltes.co.jp/,エルテス
161, ,□正会員,特定非営利活動法人エルピーアイジャパン,https://lpi.or.jp/,エルピーアイジャパン
162, ,□正会員,ELESTYLE株式会社,https://elestyle.jp,エレスタイル
163, ,□正会員,エンカレッジ・テクノロジ株式会社,http://www.et-x.jp/,エンカレッジテクノロジ
164, ,□準会員,株式会社エンジーニアス,https://engenius.co.jp/,エンジーニアス
165, ,□準会員,株式会社エンジニアリングサムライ,https://www.engineering-samurai.com/,エンジニアリングサムライ
166, ,□正会員,エンバカデロ・テクノロジーズ合同会社,https://www.embarcadero.com/jp,エンバカデロテクノロジーズ
167, ,□準会員,特定非営利活動法人エンパワメントかながわ,https://npo-ek.org/,エンパワメントカナガワ
168, ,□正会員,株式会社ＯＳＫ,https://www.kk-osk.co.jp/,オーエスケー
169, ,□正会員,株式会社オークシステムソリューションズ,http://oakss.co.jp/,オークシステムソリューションズ
170, ,□準会員,株式会社AWESOME SE,https://www.awesomese.co.jp/,オーサムエスイー
171, ,□正会員,株式会社オーシーシー,https://www.occ.co.jp,オーシーシー
172, ,□正会員,株式会社オービックビジネスコンサルタント,https://www.obc.co.jp/,オービックビジネスコンサルタント
173, ,□正会員,株式会社オープンウェーブ,http://www.openwave.co.jp/,オープンウェーブ
174, ,□正会員,株式会社オープンストリーム,https://www.opst.co.jp,オープンストリーム
175, ,□正会員,オールウィンシステム株式会社,https://allwinsys.co.jp/,オールウィンシステム
176, ,□正会員,応研株式会社,http://www.ohken.co.jp/,オウケン
177, ,□一般賛助会員,学校法人大阪夕陽丘学園,https://www.oyg.ac.jp/,オオサカユウヒガオカガクエン
178, ,□正会員,株式会社大塚商会,https://www.otsuka-shokai.co.jp/,オオツカショウカイ
179, ,□一般賛助会員,学校法人大原学園,https://www.o-hara.ac.jp/,オオハラガクエン
180, ,□正会員,税理士大矢隆啓事務所,,オオヤタカヒロジムショ
181, ,□行政会員,岡山県　岡山市,https://www.city.okayama.jp/,オカヤマケン　オカヤマシ
182, ,□一般賛助会員,一般財団法人沖縄ITイノベーション戦略センター,https://isc-okinawa.org/,オキナワアイティイノベーションセンリャクセンター
183, ,□行政会員,沖縄県　名護市,http://www.city.nago.okinawa.jp/index.html,オキナワケン　ナゴシ
184, ,□正会員,オデッセイヒューマンシステム株式会社,http://www.ohs-ndd.co.jp/,オデッセイヒューマンシステム
185, ,□正会員,株式会社オプティム,http://www.optim.co.jp/,オプティム
186, ,□正会員,株式会社オルツ,https://alt.ai/,オルツ
187, ,□正会員,オレンジセキュアサービス株式会社,http://orange-ss.com/,オレンジセキュアサービス
188, ,□正会員,株式会社オレンジリンクス,http://orangelinks.co.jp/,オレンジリンクス
189, ,□正会員,株式会社カオス,http://www.caos-a.co.jp/,カオス
190, ,□一般賛助会員,一般社団法人科学技術と経済の会,http://www.jates.or.jp,カガクギジュツトケイザイノカイ
191, ,□一般賛助会員,一般社団法人神奈川県情報サービス産業協会,https://www.kia.or.jp,カナガワケンジョウホウサービスサンギョウキョウカイ
192, ,□正会員,株式会社　三宅,https://miyake-sec.com/,カブシキガイシャ　ミヤケ
193, ,□準会員,株式会社アマダナスポーツエンタテインメント,https://www.amadana-se.com/,カブシキガイシャアマダナスポーツエンタテインメント
194, ,□正会員,株式会社カラダノート,https://corp.karadanote.jp/,カラダノート
195, ,□準会員,株式会社川崎技術研究所,https://kawasaki-tech.co.jp/,カワサキギジュツケンキュウショ
196, ,□正会員,河村電器産業株式会社,https://www.kawamura.co.jp/,カワムラデンキサンギョウ
197, ,□正会員,関西エアポートオペレーションサービス株式会社,http://www.ops.kansai-airports.co.jp/,カンサイエアポートオペレーションサービス
198, ,□一般賛助会員,一般財団法人関西情報センター,http://www.kiis.or.jp,カンサイジョウホウセンター
199, ,□一般賛助会員,関東ＩＴソフトウェア健康保険組合,https://www.its-kenpo.or.jp/,カントウアイティソフトウェアケンコウホケンクミアイ
200, ,□一般賛助会員,学校法人日本教育財団（東京国際工科専門職大学）,https://www.nkz.ac.jp/,ガッコウホウジンニホンキョウイクザイダン（トウキョウコクサイコウカセンモンショクダイガク）
201, ,□正会員,株式会社ガバメイツ,https://govmates.jp/,ガバメイツ
202, ,□正会員,紀尾井町戦略研究所株式会社,https://ksi-corp.jp/,キオイチョウセンリャクケンキュウジョ
203, ,□一般賛助会員,公益社団法人企業情報化協会,https://www.jiit.or.jp/,キギョウジョウホウカキョウカイ
204, ,□正会員,株式会社キッズウェイ,https://www.kids-way.ne.jp/,キッズウェイ
205, ,□正会員,株式会社KITOHA,http://kitoha.jp/,キトハ
206, ,□正会員,Casley Deep Innovations株式会社,https://www.casleydi.com/,キャスレーディープイノベーションズ
207, ,□正会員,株式会社キャップインフォ,http://www.capinfo.co.jp/,キャップインフォ
208, ,□正会員,キャップクラウド株式会社,https://capcloud.co.jp,キャップクラウド
209, ,□一般賛助会員,キャピタル・パートナーズ証券株式会社,http://www.capital.co.jp/,キャピタルパートナーズショウケン
210, ,□正会員,株式会社キャリアブリッジ,https://careerbridge.jp/,キャリアブリッジ
211, ,□正会員,キャロウェイゴルフ株式会社,https://www.callawaygolf.jp/,キャロウェイゴルフ
212, ,□正会員,キヤノン電子テクノロジー株式会社,https://www.canon-electec.co.jp/,キヤノンデンシテクノロジー
213, ,□正会員,株式会社Ｑｔ,http://www.q-trust.co.jp/,キュート
214, ,□正会員,協立情報通信株式会社,https://www.kccnet.co.jp/,キョウリツジョウホウツウシン
215, ,□正会員,勤次郎株式会社,https://www.kinjiro-e.com/,キンジロウ
216, ,□正会員,キンドリルジャパン株式会社,https://www.kyndryl.com/jp/ja,キンドリルジャパン
217, ,□正会員,株式会社ギガテック,https://www.giga-tech.co.jp/,ギガテック
218, ,□正会員,株式会社ギガプライズ,https://www.gigaprize.co.jp/,ギガプライズ
219, ,□正会員,ギグワークスクロスアイティ株式会社,https://gigxit.co.jp,ギグワークスクロスアイティ
220, ,□行政会員,岐阜県　恵那市,https://www.city.ena.lg.jp/,ギフケンエナシ
221, ,□正会員,株式会社ギフト,https://www.gift-inc.co.jp/,ギフト
222, ,□準会員,クウジット株式会社,https://www.koozyt.com/,クウジット
223, ,□正会員,クオーク株式会社,https://quarq.co.jp/,クオーク
224, ,□正会員,クオリティソフト株式会社,https://www.qualitysoft.com/,クオリティソフト
225, ,□準会員,株式会社QOLET,https://qolet.co.jp,クオレット
226, ,□正会員,株式会社クマヒラ,https://www.kumahira.co.jp/,クマヒラ
227, ,□一般賛助会員,一般社団法人組込みシステム技術協会,https://www.jasa.or.jp/,クミコミシステムギジュツキョウカイ
228, ,□正会員,クラウドエース株式会社,https://cloud-ace.jp/,クラウドエース
229, ,□正会員,株式会社クリエイション,https://www.creation-j.com/,クリエイション
230, ,□正会員,株式会社クリエイティブバンク,https://www.creativebank.co.jp/,クリエイティブバンク
231, ,□正会員,株式会社Crisp Code,https://crispcode.co.jp,クリスプコード
232, ,□正会員,クリューグル株式会社,https://krugle.co.jp/,クリューグル
233, ,□正会員,株式会社クレアンスメアード,https://www.creansmaerd.co.jp/,クレアンスメアード
234, ,□正会員,株式会社クレオ,https://www.creo.co.jp/,クレオ
235, ,□正会員,KROW株式会社,https://krow.co.jp/,クロー
236, ,□正会員,株式会社クロスパワー,http://www.x-power.co.jp/,クロスパワー
237, ,□正会員,株式会社クロスリンク,https://crossrink.co.jp/,クロスリンク
238, ,□正会員,クロノス株式会社,https://www.xronos-inc.co.jp/index.html,クロノス
239, ,□正会員,クワンタム・テクノロジー株式会社,http://www.quantech.co.jp/,クワンタムテクノロジー
240, ,□正会員,グーグル・クラウド・ジャパン合同会社,https://cloud.google.com/?hl=ja,グーグルクラウドジャパン
241, ,□正会員,株式会社グーフ,https://www.goof.buzz/,グーフ
242, ,□正会員,株式会社グッドニュース,https://www.goodnews.biz/,グッドニュース
243, ,□正会員,グラビス・アーキテクツ株式会社,https://www.glavisarchitects.com/,グラビスアーキテクツ
244, ,□正会員,株式会社グリーンキャット,http://www.greencat.co.jp/,グリーンキャット
245, ,□正会員,GRiT Partners 法律事務所,https://www.gritpartnerslaw.jp,グリットパートナーズホウリツジムショ
246, ,□準会員,株式会社グルーヴィーメディア,https://www.groovymedia.jp/,グルーヴィーメディア
247, ,□正会員,株式会社グロースデータ,https://growthdata.co.jp/,グロースデータ
248, ,□正会員,株式会社Globable,https://globable.jp/,グローバブル
249, ,□正会員,株式会社グローバルジャパンネットワーク,https://gjnetwork.jp/,グローバルジャパンネットワーク
250, ,□正会員,グローバルフレンドシップ株式会社,http://www.gfi.co.jp,グローバルフレンドシップ
251, ,□正会員,株式会社グローバルワイズ,https://www.g-wise.co.jp/,グローバルワイズ
252, ,□正会員,株式会社グローブテイルズ,https://globetails.jp/,グローブテイルズ
253, ,□正会員,株式会社ケーイーシー,https://www.kec-sp.com/,ケーイーシー
254, ,□正会員,株式会社K-BIT,https://www.kbit.co.jp/,ケービット
255, ,□正会員,KDDIアジャイル開発センター株式会社,https://kddi-agile.com,ケイディディアイアジャイルカイハツセンター
256, ,□正会員,京葉システム株式会社,https://www.keiyo-system.co.jp/,ケイヨウシステム
257, ,□正会員,株式会社Kdan Japan,https://www.kdanmobile.com/,ケダンジャパン
258, ,□正会員,株式会社建設ドットウェブ,https://www.kendweb.net/,ケンセツドットウェブ
259, ,□正会員,ゲヒルン株式会社,https://www.gehirn.co.jp/,ゲヒルン
260, ,□正会員,株式会社コーエーテクモホールディングス,https://www.koeitecmo.co.jp/,コーエーテクモホールティングス
261, ,□正会員,Co-Evolution株式会社,https://www.co-evo.jp/,コーエボリューション
262, ,□正会員,株式会社コアシンク,https://www.coresync.co.jp/,コアシンク
263, ,□正会員,株式会社コウェル,https://www.co-well.jp/,コウェル
264, ,□一般賛助会員,工業会日本万引防止システム協会,https://www.jeas.gr.jp/,コウギョウカイニホンマンビキボウシシステムキョウカイ
265, ,□正会員,株式会社神戸デジタル・ラボ,https://www.kdl.co.jp/,コウベデジタルラボ
266, ,□正会員,株式会社COEL,https://coel-inc.jp/,コエル
267, ,□正会員,コガソフトウェア株式会社,https://www.kogasoftware.com/,コガソフトウェア
268, ,□正会員,株式会社国和システム,https://www.kokuwa.co.jp/,コクワシステム
269, ,□正会員,コグニビジョン株式会社,https://www.cognivision.jp/,コグニビジョン
270, ,□正会員,株式会社ココスペース,http://cocospace.com/,ココスペース
271, ,□正会員,株式会社コスダック,http://www.cosdac.co.jp/,コスダック
272, ,□正会員,株式会社コスモ・コンピューティングシステム,https://cosmocomputing.co.jp/,コスモコンピューティングシステム
273, ,□準会員,株式会社CoDigital,https://codigital.co.jp/,コデジタル
274, ,□正会員,コナミグループ株式会社,https://www.konami.com/,コナミグループ
275, ,□正会員,株式会社コネクティル,https://connectill.co.jp,コネクティル
276, ,□正会員,コネクトフリー株式会社,https://connectfree.co.jp,コネクトフリー
277, ,□正会員,株式会社Conoris Technologies,https://www.conoris.jp/,コノリステクノロジーズ
278, ,□準会員,株式会社小林労務,https://www.kobayashiroumu.jp/,コバヤシロウム
279, ,□正会員,株式会社コプロシステム,http://www.coprosystem.co.jp/,コプロシステム
280, ,□正会員,コムチュア株式会社,https://www.comture.com/,コムチュア
281, ,□正会員,株式会社comeco,https://comeco1.com/,コメコ
282, ,□一般賛助会員,一般社団法人コンピュータソフトウェア著作権協会,http://www2.accsjp.or.jp,コンピュータソフトウェアチョサクケンキョウカイ
283, ,□一般賛助会員,一般社団法人コンピュータソフトウェア倫理機構,http://www.sofurin.org/,コンピュータソフトウェアリンリキコウ
284, ,□正会員,コンピュータ・テクノロジー株式会社,http://www.ctc-jp.com/,コンピュータテクノロジー
285, ,□準会員,株式会社GO TO MARKET,https://utilly.jp/company/,ゴートゥーマーケット
286, ,□正会員,株式会社サートプロ,https://www.certpro.jp/,サートプロ
287, ,□特別賛助会員,株式会社サードウェーブ,http://info.twave.co.jp/,サードウェーブ
288, ,□正会員,ServiceNow Japan合同会社,https://www.servicenow.co.jp/,サービスナウジャパン
289, ,□正会員,株式会社サイエンスアーツ,https://www.science-arts.com,サイエンスアーツ
290, ,□正会員,サイエンスパーク株式会社,https://sciencepark.co.jp/,サイエンスパーク
291, ,□正会員,サイオステクノロジー株式会社,https://sios.jp/,サイオステクノロジー
292, ,□正会員,株式会社サイズ,http://www.x-yz.co.jp/,サイズ
293, ,□一般賛助会員,公益社団法人埼玉県情報サービス産業協会,http://www.sisia.or.jp/,サイタマケンジョウホウサービスサンギョウキョウカイ
294, ,□正会員,株式会社サイダス,https://www.cydas.com/,サイダス
295, ,□準会員,株式会社サイドクロス,https://www.side-cross.com,サイドクロス
296, ,□正会員,株式会社Cyberデジタル,http://www.cyber-digital.jp/index.html,サイバーデジタル
297, ,□正会員,サイバートラスト株式会社,https://www.cybertrust.co.jp/,サイバートラスト
298, ,□正会員,サイボウズ株式会社,https://cybozu.co.jp/,サイボウズ
299, ,□行政会員,佐賀県,https://www.pref.saga.lg.jp/,サガケン
300, ,□行政会員,佐賀県　武雄市,http://www.city.takeo.lg.jp/,サガケンタケオシ
301, ,□正会員,さくらインターネット株式会社,https://www.sakura.ad.jp/,サクラインターネット
302, ,□正会員,サツドラホールディングス株式会社,https://satudora-hd.co.jp/,サツドラホールディングス
303, ,□正会員,サティス株式会社,https://satisjp.com,サティス
304, ,□正会員,サビテックジャパン株式会社,http://sabitech.co.jp,サビテックジャパン
305, ,□準会員,株式会社サベックス,https://www.sapex.co.jp/,サベックス
306, ,□正会員,株式会社サンテック,http://www.santec.biz/,サンテック
307, ,□正会員,株式会社サンデーアーツ,https://www.sunday-ja.com/,サンデーアーツ
308, ,□正会員,株式会社算法,https://www.rna.co.jp,サンポウ
309, ,□正会員,株式会社サンライズ,https://sunrise-corp.co.jp/,サンライズ
310, ,□正会員,三和コムテック株式会社,https://www.sct.co.jp/,サンワコムテック
311, ,□正会員,サンワサプライ株式会社,http://www.sanwa.co.jp/,サンワサプライ
312, ,□一般賛助会員,一般社団法人CRM協議会,http://www.crma-j.org/,シーアールエムキョウギカイ
313, ,□正会員,株式会社シー・アイ・エス,http://www.c-i-s.jp/,シーアイエス
314, ,□正会員,株式会社シー・エヌ・エス,https://www.cnsinc.jp/,シーエヌエス
315, ,□正会員,株式会社シー・シー・ダブル,https://www.ccw.co.jp/,シーシーダブル
316, ,□準会員,ＣＤＣアクアサービス株式会社,,シーデーシーアクアサービス
317, ,□正会員,株式会社シードソリューションズ,https://www.seedsolutions.co.jp/,シードソリューションズ
318, ,□正会員,株式会社シービーラボ,https://www.cblab.jp/,シービーラボ
319, ,□準会員,株式会社Ｃ６０,https://php.c60.co.jp,シーロクマル
320, ,□正会員,株式会社シイエヌエス,http://www.cns.co.jp/,シイエヌエス
321, ,□正会員,シェアクレスト株式会社,http://sharecrest.com/,シェアクレスト
322, ,□正会員,株式会社シグ,https://www.sig-inc.com,シグ
323, ,□正会員,シグマソフトサービス株式会社,https://www.sigmasoft.co.jp/,シグマソフトサービス
324, ,□正会員,システムアソシエイト株式会社,http://www.asso48.co.jp,システムアソシエイト
325, ,□正会員,株式会社システムエグゼ,https://www.system-exe.co.jp/,システムエグゼ
326, ,□正会員,株式会社システムクエスト,http://www.s-quest.co.jp,システムクエスト
327, ,□正会員,株式会社システムコンサルタント,https://www.ksc.co.jp/,システムコンサルタント
328, ,□正会員,株式会社システムシンク,http://www.s-think.co.jp/,システムシンク
329, ,□正会員,システムズ・デザイン株式会社,https://www.sdcj.co.jp,システムズデザイン
330, ,□正会員,株式会社システムズナカシマ,https://www.systems.nakashima.co.jp/,システムズナカシマ
331, ,□正会員,株式会社システムディ,https://www.systemd.co.jp/,システムディ
332, ,□正会員,株式会社システム・プロデュース,http://www.produce.co.jp,システムプロデュース
333, ,□正会員,システムロード株式会社,http://www.road.co.jp/,システムロード
334, ,□正会員,株式会社シスパル,http://www.syspal.co.jp,シスパル
335, ,□行政会員,静岡県　袋井市,http://www.city.fukuroi.shizuoka.jp/,シズオカケンフクロイシ
336, ,□準会員,株式会社Citadel AI,https://www.citadel.co.jp/,シタデルエーアイ
337, ,□正会員,株式会社シティ・プランニング,http://www.cplan.co.jp/,シティプランニング
338, ,□正会員,株式会社 Siba Service,https://www.siba-service.jp,シバサービス
339, ,□正会員,株式会社シビルソフト開発,http://www.civil.co.jp/,シビルソフトカイハツ
340, ,□一般賛助会員,公益財団法人しまね産業振興財団,https://www.joho-shimane.or.jp/,シマネサンギョウシンコウザイダン
341, ,□正会員,社会システム株式会社,http://www.crp.co.jp/,シャカイシステム
342, ,□正会員,株式会社社会情報サービス,https://www.ssri.com/,シャカイジョウホウサービス
343, ,□正会員,社会保険労務士池田事務所,http://www.ikeda-office.jp/,シャカイホケンロウムシイケダジムショ
344, ,□準会員,社会保険労務士法人ステディ,https://steady-sr.com/,シャカイホケンロウムシホウジンステディ
345, ,□正会員,Sharin株式会社,https://sharin.co.jp/,シャリン
346, ,□正会員,秀峰システム株式会社,http://www.syuhou.co.jp/,シュウホウシステム
347, ,□正会員,首都圏ソフトウェア協同組合,http://www.syutoken.or.jp/,シュトケンソフトウェアキョウドウクミアイ
348,詳細,□正会員,株式会社正栄設計事務所,http://www.shoei-sekkei.co.jp/,ショウエイセッケイジムショ
349, ,□正会員,白潟総合研究所株式会社,https://www.ssoken.co.jp/,シラガタソウゴウケンキュウジョ
350, ,□準会員,silvereye株式会社,https://www.silvereye.jp/,シルバーアイ
351, ,□正会員,株式会社SHiRO,https://kokoshiro.jp/,シロ
352, ,□準会員,株式会社CINCA,https://cinca.tokyo/,シンカ
353, ,□正会員,株式会社シンクスバンク,https://www.thinkethbank.co.jp/,シンクスバンク
354, ,□正会員,株式会社シンクライアント総合研究所,http://www.tcri.jp,シンクライアントソウゴウケンキュウジョ
355, ,□正会員,株式会社新進商会,https://www.ssnet.co.jp/,シンシンショウカイ
356, ,□正会員,シンプレクス株式会社,https://www.simplex.inc/,シンプレクス
357, ,□正会員,株式会社シンプレックス,http://www.simplex-soft.com/,シンプレックス
358, ,□正会員,株式会社シンメトリア,http://www.symmetria.co.jp,シンメトリア
359, ,□正会員,株式会社シンメトリクス,https://symmetrix.co.jp/,シンメトリクス
360, ,□正会員,株式会社G-gen,https://www.g-gen.co.jp/,ジージェン
361, ,□正会員,株式会社ジーニー,https://geniee.co.jp/,ジーニー
362, ,□正会員,株式会社ジーニアスエイト,https://www.genius-8.co.jp/,ジーニアスエイト
363, ,□正会員,株式会社ジーネクスト,http://www.gnext.co.jp/,ジーネクスト
364, ,□正会員,ジーフィット株式会社,https://www.tradom.jp/company,ジーフィット
365, ,□正会員,株式会社Zene,https://www.zene.co.jp/,ジーン
366, ,□正会員,株式会社ジェイ・マックス,https://www.jmaxinc.com/,ジェイ・マックス
367, ,□正会員,株式会社ジェイジェイエスプラス,https://jjsplus.co.jp/,ジェイジェイエスプラス
368, ,□正会員,有限会社ジェイズシステムズ,http://www.js-systems.co.jp,ジェイズシステムズ
369, ,□正会員,JBアドバンスト・テクノロジー株式会社,https://www.jbat.co.jp/,ジェイビーアドバンストテクノロジー
370, ,□正会員,ジェネシス株式会社,https://www.genesys.gr.jp/,ジェネシス
371, ,□正会員,ジオテクノロジーズ株式会社,https://geot.jp,ジオテクノロジーズ
372, ,□正会員,株式会社jig.jp,https://www.jig.jp/,ジグジェイピー
373, ,□一般賛助会員,学校法人 滋慶学園 東京情報デザイン専門職大学,https://www.tid.ac.jp/,ジケイガクエン トウキョウジョウホウデザインセンモンショクダイガク
374, ,□準会員,合同会社ジザイ,,ジザイ
375, ,□正会員,JAPAN AI株式会社,https://japan-ai.co.jp/,ジャパンエーアイ
376, ,□一般賛助会員,一般社団法人重要生活機器連携セキュリティ協議会,http://www.ccds.or.jp,ジュウヨウセイカツキキレンケイセキュリティキョウギカイ
377, ,□正会員,ジョーシス株式会社,https://jp.corp.josys.com/,ジョーシス
378, ,□正会員,情報技術開発株式会社,http://www.tdi.co.jp/,ジョウホウギジュツカイハツ
379, ,□正会員,株式会社情報技術センター,https://www.itc-net.co.jp/,ジョウホウギジュツセンター
380, ,□一般賛助会員,一般社団法人情報サービス産業協会,https://www.jisa.or.jp/,ジョウホウサービスサンギョウキョウカイ
381, ,□正会員,株式会社情報処理システム研究所,http://www.infsys.co.jp/,ジョウホウショリシステムケンキュウジョ
382, ,□一般賛助会員,一般社団法人情報通信ネットワーク産業協会,http://www.ciaj.or.jp/,ジョウホウツウシンネットワークサンギョウキョウカイ
383, ,□正会員,株式会社ジラフ計画,,ジラフケイカク
384, ,□正会員,株式会社SUPER STUDIO,https://super-studio.jp,スーパースタジオ
385, ,□準会員,スイフトテクノロジー株式会社,https://www.swift-tech.co.jp/,スイフトテクノロジー
386, ,□準会員,株式会社スカイエージネクスト,https://www.skyage.co.jp/,スカイエージネクスト
387, ,□正会員,スキャネット株式会社,https://www.scanet.jp/,スキャネット
388, ,□正会員,株式会社鈴木商店,https://www.suzukishouten.co.jp,スズキショウテン
389, ,□正会員,STAR SE株式会社,http://www.star-se.co.jp/,スターエスイー
390, ,□正会員,スターティアレイズ株式会社,https://www.startiaraise.co.jp/,スターティアレイズ
391, ,□準会員,STAR TECH 株式会社,https://www.startech.co.jp/,スターテック
392, ,□準会員,株式会社STAAAGE,https://www.nodastage.com,ステージ
393, ,□正会員,ストーンビートセキュリティ株式会社,https://www.stonebeat.co.jp/,ストーンビートセキュリティ
394, ,□正会員,STORES 株式会社,https://www.st.inc/,ストアーズ
395, ,□正会員,株式会社ストライク,https://www.strike.co.jp/,ストライク
396, ,□正会員,株式会社ストラテジーテック・コンサルティング,https://www.strategy-tec.com/,ストラテジーテックコンサルティング
397, ,□正会員,株式会社ストラテジット,https://www.strategit.jp,ストラテジット
398, ,□正会員,スパイクシステムズ株式会社,https://www.spikes.co.jp,スパイクシステムズ
399, ,□正会員,株式会社スプラッシュ,https://splash.jp/,スプラッシュ
400, ,□正会員,株式会社Smart Delivery,https://smart-delivery.jp,スマートデリバリー
401, ,□正会員,株式会社スマレジ,https://corp.smaregi.jp/,スマレジ
402, ,□正会員,SALES GO株式会社,https://salesgo.co.jp/,セールスゴー
403, ,□正会員,セイ・テクノロジーズ株式会社,https://www.say-tech.co.jp/,セイテクノロジーズ
404, ,□正会員,株式会社セゾンテクノロジー,https://www.saison-technology.com/,セゾンテクノロジー
405, ,□正会員,株式会社セック,https://www.sec.co.jp/,セック
406, ,□正会員,株式会社セブン＆アイ・ネットメディア,https://www.7andinm.co.jp/,セブンアンドアイネットメディア
407, ,□正会員,株式会社7th Basement,https://www.7thbasement.com/,セブンスベースメント
408, ,□正会員,センターフィールド株式会社,https://centerfield.co.jp/,センターフィールド
409, ,□正会員,株式会社SENTAN,https://www.sentan-tech.com/,センタン
410, ,□正会員,株式会社セントジェームズアソシエイツ,,セントジェームズアソシエイツ
411, ,□正会員,税理士齋藤康之事務所,http://www.zei-saito.com/,ゼイリシサイトウヤスユキジムショ
412, ,□正会員,ゼッタテクノロジー株式会社,http://www.zetta.co.jp/,ゼッタテクノロジー
413, ,□一般賛助会員,全国商工会連合会,https://www.shokokai.or.jp/,ゼンコクショウコウカイレンゴウカイ
414, ,□一般賛助会員,全国ソフトウェア協同組合連合会,http://www.jaspanet.or.jp,ゼンコクソフトウェアキョウドウクミアイレンゴウカイ
415, ,□一般賛助会員,一般社団法人全国地域情報産業団体連合会,http://www.ania.jp/,ゼンコクチイキジョウホウサンギョウダンタイレンゴウカイ
416, ,□正会員,株式会社ZenmuTech,https://zenmutech.com/,ゼンムテック
417, ,□正会員,ソーバル株式会社,https://www.sobal.co.jp/,ソーバル
418, ,□正会員,創研情報株式会社,https://www.souken.co.jp/,ソウケンジョウホウ
419, ,□正会員,株式会社想隆社,https://soryu-sha.jp/,ソウリュウシャ
420, ,□正会員,株式会社ソフィア・システム・サービス,https://www.sssv.co.jp/,ソフィアシステムサービス
421, ,□正会員,株式会社ソフエル,https://www.sofel.co.jp,ソフエル
422, ,□正会員,ソフトイーサ株式会社,https://www.softether.co.jp/,ソフトイーサ
423, ,□一般賛助会員,一般財団法人ソフトウェア情報センター,http://www.softic.or.jp/,ソフトウェアジョウホウセンター
424, ,□正会員,株式会社ソフトクリエイトホールディングス,https://www.softcreate-holdings.co.jp/,ソフトクリエイトホールディングス
425, ,□正会員,ソフトバンク株式会社,https://www.softbank.jp/corp/aboutus/,ソフトバンク
426, ,□正会員,ソフトヒューベリオン株式会社,https://soft-hyperion.com/,ソフトヒューベリオン
427, ,□正会員,ソリマチ株式会社,https://www.sorimachi.co.jp/,ソリマチ
428, ,□正会員,株式会社ソリューション・アンド・テクノロジー,https://www.solty.co.jp/,ソリューションアンドテクノロジー
429, ,□正会員,SOMPOシステムズ株式会社,http://www.sompo-sys.com,ソンポシステムズ
430, ,□正会員,ゾイックス株式会社,https://www.zoiccs.co.jp/,ゾイックス
431, ,□準会員,合同会社ZONER,https://www.zoner.com/jp,ゾナー
432, ,□正会員,株式会社タイミー,https://timee.co.jp/,タイミー
433, ,□準会員,株式会社TIME MACHINE,https://schecon.com/article/,タイムマシーン
434, ,□正会員,TAC株式会社,https://www.tac-school.co.jp/,タック
435, ,□準会員,株式会社たのえん,https://www.sieps.site/,タノエン
436, ,□正会員,株式会社ダイナックス,http://www.dynax.co.jp,ダイナックス
437, ,□正会員,株式会社大和コンピューター,https://www.daiwa-computer.co.jp/jp/,ダイワコンピューター
438, ,□正会員,ダイワボウ情報システム株式会社,https://www.pc-daiwabo.co.jp/,ダイワボウジョウホウシステム
439, ,□正会員,ダックス株式会社,https://duksholdings.co.jp/,ダックス
440, ,□正会員,株式会社DUMSCO,https://dumsco.com/,ダムスコ
441, ,□正会員,株式会社チェプロ,http://www.chepro.co.jp/,チェプロ
442, ,□一般賛助会員,公益社団法人千葉県情報サービス産業協会,http://www.chisa.gr.jp/,チバケンジョウホウサービスサンギョウキョウカイ
443, ,□正会員,中小企業福祉事業団,https://www.chukidan.jp/,チュウショウキギョウフクシジギョウダン
444, ,□正会員,長城コンサルティング株式会社,http://www.chojo.co.jp/,チョウジョウコンサルティング
445, ,□正会員,株式会社チラシレポート,https://www.chirashi.co.jp/,チラシレポート
446, ,□正会員,株式会社ツクリテ,https://www.tkrite.com/,ツクリテ
447, ,□正会員,辻・本郷ＩＴコンサルティング株式会社,https://ht-itc.jp/,ツジホンゴウアイティーコンサルティング
448, ,□準会員,株式会社TDA,https://www.tda-corp.co.jp/,ティーディーエー
449, ,□正会員,株式会社TBTソリューションズ,https://tbt-s.jp/,ティービーティーソリューションズ
450, ,□正会員,T-Link株式会社,https://t-linkcompany.com/,ティーリンク
451, ,□正会員,株式会社ティ・エス・サービス,,ティエスサービス
452, ,□正会員,TISCOINF株式会社,https://www.tiscoinf.co.jp/,ティスコインフ
453, ,□正会員,株式会社TKC,https://www.tkc.jp/,テイケイシイ
454, ,□正会員,株式会社テクノス秋田,http://www.tks-akita.co.jp/,テクノスアキタ
455, ,□正会員,株式会社鉄飛テクノロジー,https://www.teppi.com/,テッピテクノロジー
456, ,□一般賛助会員,一般社団法人テレコムサービス協会,http://www.telesa.or.jp/,テレコムサービスキョウカイ
457, ,□正会員,株式会社テンダ,https://www.tenda.co.jp/,テンダ
458, ,□正会員,データ・タング株式会社,https://www.datatang.co.jp/,データタング
459, ,□正会員,DATAビジネス株式会社,https://databusiness.co.jp/,データビジネス
460, ,□一般賛助会員,一般社団法人データビリティコンソーシアム,https://cds.or.jp/,データビリティコンソーシアム
461, ,□正会員,株式会社データロジック,http://www.datalogic.co.jp/,データロジック
462, ,□正会員,株式会社DNPハイパーテック,https://www.hypertech.co.jp/,ディーエヌピーハイパーテック
463, ,□正会員,ＤＮＶビジネス・アシュアランス・ジャパン株式会社,https://www.dnv.jp/ss_and_sus/index.html,ディーエヌブイビジネスアシュアランスジャパン
464, ,□正会員,DELE株式会社,https://dele.gr/,ディーリー
465, ,□正会員,株式会社DYM,https://dym.asia,ディーワイエム
466,詳細,□準会員,株式会社ＤＮＡ ＦＡＣＴＯＲ,https://dna-factor.com/,ディエヌエーファクター
467, ,□準会員,DXYZ株式会社,https://dxyz.co.jp/,ディクシーズ
468, ,□正会員,株式会社ディジタル,https://www.digital-corp.co.jp,ディジタル
469, ,□正会員,株式会社デザイン・クリエィション,https://www.dcrea.co.jp/,デザインクリエィション
470, ,□正会員,デザインファースト株式会社,https://designfirst.co.jp/,デザインファースト
471, ,□正会員,株式会社デジタルグローバルシステムズ,https://www.dgs-j.com/,デジタルグローバルシステムズ
472, ,□正会員,有限会社デジタルパイプライン,https://www.digitalpipeline.jp/,デジタルパイプライン
473, ,□正会員,株式会社デジタルファクター,http://www.digitalfactor.co.jp/,デジタルファクター
474, ,□正会員,デジタルみらい株式会社,https://www.digitalmirai.co.jp,デジタルミライ
475, ,□正会員,株式会社デジック,https://www.dgic.co.jp/,デジック
476, ,□準会員,株式会社DeltaX,https://delta-x.co.jp/,デルタエックス
477, ,□正会員,トーワシステムサポート株式会社,http://www.towas.co.jp/,トーワシステムサポート
478, ,□正会員,東海ビジネスサービス株式会社,http://www.tokai-bs.co.jp/,トウカイビジネスサービス
479,詳細,□正会員,東京システムハウス株式会社,https://www.tsh-world.co.jp/,トウキョウシステムハウス
480, ,□正会員,東京新峰科技株式会社,http://www.newtop-j.com,トウキョウシンホウカギ
481, ,□正会員,東京ソフトウエア株式会社,http://www.tokyosoft.co.jp/,トウキョウソフトウエア
482, ,□一般賛助会員,一般社団法人東京都情報産業協会,https://iit.or.jp/,トウキョウトジョウホウサンギョウキョウカイ
483, ,□準会員,東群トラック株式会社,https://www.tougun-truck.co.jp/,トウグントラック
484, ,□正会員,統合医療アール研究所株式会社,,トウゴウイリョウアールケンキュウショ
485, ,□正会員,東芝エネルギーシステムズ株式会社,https://www.global.toshiba/jp/company/energy.html,トウシバエネルギーシステムズカブシキカイシャ
486, ,□正会員,東洋システム開発株式会社,https://www.tsknet.co.jp/,トウヨウシステムカイハツ
487, ,□正会員,株式会社とめ研究所,https://www.tome.jp,トメケンキュウショ
488, ,□準会員,株式会社 Trust Force,,トラストフォース
489, ,□正会員,株式会社toraru,http://toraru.co.jp/,トラル
490, ,□正会員,tripla株式会社,https://corp.tripla.jp,トリプラ
491, ,□正会員,株式会社トリプルアイズ,https://www.3-ize.jp/,トリプルアイズ
492, ,□正会員,株式会社ＴＲＡＤＥＣＲＥＡＴＥ,http://www.tradecreate.com/,トレードクリエイト
493, ,□正会員,株式会社TREASURY,https://treasury.jp/,トレジャリー
494, ,□正会員,株式会社トレセン,https://tresen.co.jp,トレセン
495, ,□正会員,トレンドマイクロ株式会社,https://www.trendmicro.co.jp/,トレンドマイクロ
496, ,□正会員,一般社団法人道路・舗装技術研究協会,http://parowaytec.jp/,ドウロホソウギジュツケンキュウキョウカイ
497, ,□正会員,株式会社ドライビングフォース,https://www.drivingforce.co.jp/,ドライビングフォース
498, ,□準会員,株式会社ドリームソリューション,https://solutionds1.co.jp/,ドリームソリューション
499, ,□正会員,株式会社ドリームパイプライン,https://dreampipeline.com/,ドリームパイプライン
500, ,□正会員,株式会社ドリームファクトリーワールドワイド,https://www.dfww.jp/,ドリームファクトリーワールドワイド
501, ,□正会員,株式会社ドリームプランニング,https://dream-plan.com,ドリームプランニング
502, ,□正会員,株式会社ナイモノ,https://naimono.co.jp/,ナイモノ
503, ,□正会員,中本総合法律事務所,http://www.nakamotopartners.com/,ナカモトソウゴウホウリツジムショ
504, ,□行政会員,長野県　長野市,https://www.city.nagano.nagano.jp/,ナガノケンナガノシ
505, ,□準会員,ナッジヘルステック株式会社,https://nudge-ht.jp/,ナッジヘルステック
506, ,□正会員,株式会社ナノオプト・メディア,http://www.f2ff.jp/,ナノオプトメディア
507, ,□準会員,株式会社knowledge Act,https://www.knowledge-act.co.jp/,ナレッジアクト
508, ,□行政会員,新潟県　新潟市,https://www.city.niigata.lg.jp/,ニイガタケン　ニイガタシ
509, ,□一般賛助会員,学校法人新潟総合学院開志専門職大学,https://kaishi-pu.ac.jp/,ニイガタソウゴウガクインカイシセンモンショクダイガク
510, ,□正会員,日研システム株式会社,http://www.nikkensystem.co.jp/index.do,ニッケンシステム
511, ,□正会員,日興ソフトウェア株式会社,http://www.nikkou-soft.co.jp/,ニッコウソフトウェア
512, ,□準会員,日昌電気制御株式会社,https://realfocus.nisshodenkiseigyo.com/?referral=CM2310,ニッショウデンキセイギョ
513, ,□正会員,ニッセイ情報テクノロジー株式会社,https://www.nissay-it.co.jp/,ニッセイジョウホウテクノロジー
514, ,□正会員,日本事務器株式会社,https://www.njc.co.jp/,ニッポンジムキ
515, ,□特別賛助会員,日本電気株式会社,https://jpn.nec.com/,ニッポンデンキ
516, ,□一般賛助会員,一般社団法人日本ＩＴＡＤ協会,http://itad.or.jp,ニホンアイタッドキョウカイ
517, ,□一般賛助会員,日本ITソフトウェア企業年金基金,https://www.its-kikin.or.jp/,ニホンアイティソフトウェアキギョウネンキンキキン
518, ,□正会員,日本キスコ株式会社,http://www.kissco.co.jp,ニホンキスコ
519, ,□一般賛助会員,一般社団法人日本コンピュータシステム販売店協会,https://www.jcssa.or.jp,ニホンコンピュータシステムハンバイテンキョウカイ
520, ,□正会員,日本システム開発株式会社,https://www.nskint.co.jp/,ニホンシステムカイハツ
521, ,□正会員,日本システム開発株式会社,https://www.nsk.co.jp/,ニホンシステムカイハツ
522, ,□正会員,株式会社日本システムデザイン,http://www.ns-design.jp/,ニホンシステムデザイン
523, ,□正会員,株式会社日本システムブレーンズ,http://www.nsb.jp/,ニホンシステムブレーンズ
524, ,□正会員,株式会社日本シャルフ,http://www.shalf.jp,ニホンシャルフ
525, ,□準会員,一般財団法人日本生涯学習総合研究所,https://www.shogai-soken.or.jp/,ニホンショウガイガクシュウソウゴウケンキュウジョ
526, ,□一般賛助会員,特定非営利活動法人日本情報技術取引所,https://www.jiet.or.jp/,ニホンジョウホウギジュツトリヒキジョ
527, ,□一般賛助会員,一般社団法人日本情報システム・ユーザー協会,https://juas.or.jp/,ニホンジョウホウシステムユーザーキョウカイ
528, ,□正会員,日本スーパーマップ株式会社,https://supermap.jp/,ニホンスーパーマップ
529, ,□一般賛助会員,一般社団法人日本中小企業スマートビジネス推進協会,https://smartbiz.or.jp/,ニホンチュウショウキギョウスマートビジネススイシンキョウカイ
530, ,□正会員,日本通信エレクトロニック株式会社,http://www.jacom.com/,ニホンツウシンエレクトロニック
531, ,□正会員,日本ティーマックスソフト株式会社,https://www.tmaxsoft.co.jp/,ニホンティーマックスソフト
532, ,□一般賛助会員,一般社団法人日本テレワーク協会,https://japan-telework.or.jp/,ニホンテレワークキョウカイ
533, ,□一般賛助会員,一般社団法人日本ディープラーニング協会,https://www.jdla.org/,ニホンディープラーニングキョウカイ
534, ,□正会員,日本デジタルデザイン株式会社,http://www.ndd-net.co.jp/,ニホンデジタルデザイン
535, ,□正会員,日本ナレッジ株式会社,http://www.know-net.co.jp/,ニホンナレッジ
536, ,□一般賛助会員,特定非営利活動法人日本ネットワークセキュリティ協会,https://www.jnsa.org/,ニホンネットワークセキュリティキョウカイ
537, ,□一般賛助会員,一般社団法人日本農業情報システム協会,https://jaisa.org/,ニホンノウギョウジョウホウシステムキョウカイ
538, ,□一般賛助会員,一般財団法人日本パソコンスクール協会,https://jpsa.or.jp/,ニホンパソコンスクールキョウカイ
539, ,□正会員,日本ビズアップ株式会社,https://www.bizup.co.jp/,ニホンビズアップ
540, ,□正会員,一般社団法人日本ピルビスワーク協会,https://pelviswork.com/,ニホンピルビスワークキョウカイ
541, ,□正会員,日本マイクロソフト株式会社,https://www.microsoft.com/ja-jp,ニホンマイクロソフト
542, ,□正会員,NewIT株式会社,https://newit.co.jp,ニューアイティ
543, ,□正会員,ニュートラル株式会社,https://www.neut.co.jp/,ニュートラル
544, ,□正会員,ニューマネジメントシステム株式会社,https://www.nmsc.co.jp/,ニューマネジメントシステム
545, ,□一般賛助会員,一般財団法人ニューメディア開発協会,https://www2.nmda.or.jp/,ニューメディアカイハツキョウカイ
546, ,□正会員,株式会社Nex-E,https://www.nex-e.co.jp/,ネクシィ
547, ,□正会員,ネクストウェア株式会社,https://www.nextware.co.jp/,ネクストウェア
548, ,□正会員,株式会社ネクストスケープ,https://www.nextscape.net/,ネクストスケープ
549, ,□正会員,株式会社NEXT TECHNOLOGY,https://nexttechnology.jp/,ネクストテクノロジー
550, ,□正会員,株式会社ネクストビジョン,https://www.nextvision.co.jp/,ネクストビジョン
551, ,□準会員,有限会社ネットアイ,http://www.net-i.jp,ネットアイ
552, ,□正会員,株式会社ネットウイズ,https://www.netwith.jp/,ネットウイズ
553, ,□正会員,株式会社ネットショップ支援室,https://netshop-pro.jp/,ネットショップシエンシツ
554, ,□正会員,ネットレコーダー・ソリューションズ株式会社,http://www.netrecorder.jp/,ネットレコーダーソリューションズ
555, ,□一般賛助会員,野村證券株式会社,http://www.nomura.co.jp/,ノムラショウケン
556, ,□正会員,株式会社Ｈａｒｎｅｓｓ　ＬＬＰ,http://www.harness.bz/,ハーネスエルエルピー
557, ,□正会員,ハイネスソリューションズ株式会社,http://www.kj-hns.com,ハイネスソリューションズ
558, ,□準会員,株式会社Hammy's,https://hammys.co.jp/,ハミーズ
559, ,□正会員,株式会社バーズ情報科学研究所,http://www.birds.co.jp/,バーズジョウホウカガクケンキュウジョ
560, ,□正会員,株式会社バイトルヒクマ,https://bai.co.jp/,バイトルヒクマ
561, ,□正会員,株式会社バッファロー,https://www.buffalo.jp/,バッファロー
562, ,□正会員,株式会社batton,https://batton.co.jp,バトン
563, ,□正会員,株式会社バリューソフトウエア,https://www.valuenet.co.jp/,バリューソフトウェア
564, ,□正会員,株式会社パーソナルデザイン,http://www.pdn.jp/,パーソナルデザイン
565, ,□正会員,パートナーサクセス株式会社,https://partnersuccess.jp/,パートナーサクセス
566, ,□正会員,パイオネット・ソフト株式会社,https://pionet.co.jp/,パイオネットソフト
567, ,□正会員,ｐａｉｚａ株式会社,https://www.paiza.co.jp/,パイザ
568, ,□正会員,株式会社パスカリア,https://www.pascalia.co.jp/,パスカリア
569, ,□正会員,株式会社パルソラ,https://www.parsola.com/,パルソラ
570, ,□正会員,ひばりネットシステム株式会社,http://www.hibarinet.co.jp/,ヒバリネットシステム
571, ,□正会員,株式会社ヒューアップテクノロジー,https://www.huapp.co.jp,ヒューアップテクノロジー
572, ,□試験会場会員,ヒューマンアカデミー株式会社,http://haa.athuman.com/,ヒューマンアカデミー
573, ,□正会員,株式会社ヒューマンキャピタル研究所,https://hci-inc.co.jp/,ヒューマンキャピタルケンキュウジョ
574, ,□正会員,株式会社ヒューマンテクノロジーズ,,ヒューマンテクノロジーズ
575, ,□正会員,社会保険労務士法人ヒューマン・プライム,https://www.humanprime.co.jp,ヒューマンプライム
576, ,□正会員,平川社会保険労務士事務所,https://hirakawa-sr.jp/,ヒラカワシャカイホケンロウムシジムショ
577, ,□行政会員,広島県　広島市,https://www.city.hiroshima.lg.jp,ヒロシマケンヒロシマシ
578, ,□正会員,株式会社b-ex,https://www.b-ex.inc/,ビーエックス
579, ,□一般賛助会員,株式会社BCN,https://www.bcn.co.jp,ビーシーエヌ
580, ,□正会員,ＢＣ Ｓｉｇｎｐｏｓｔ株式会社,,ビーシーサインポスト
581, ,□正会員,BBIX株式会社,https://www.bbix.net/,ビービーアイエックス
582, ,□正会員,BBSakura Networks株式会社,https://www.bbsakura.net/,ビービーサクラネットワークス
583, ,□正会員,BBソフトサービス株式会社,https://www.bbss.co.jp,ビービーソフトサービス
584, ,□正会員,株式会社ビジコン・ジャパン,https://jbca.co.jp/,ビジコンジャパン
585, ,□正会員,株式会社ビナヤマト,https://www.vinayamato.com,ビナヤマト
586, ,□正会員,株式会社ピーエスシー,https://www.psc-inc.co.jp/,ピーエスシー
587, ,□試験会場会員,ピーシーアシスト株式会社,http://www.winschool.jp/,ピーシーアシスト
588, ,□正会員,ピー・シー・エー株式会社,https://pca.jp/,ピーシーエー
589, ,□正会員,株式会社Pionero,https://www.pionero.io/ja/,ピオネロ
590, ,□準会員,株式会社PICK,https://pick-hp.com/,ピック
591, ,□正会員,ピナクル株式会社,https://www.pinnacle.co.jp,ピナクル
592, ,□正会員,ファイルフォース株式会社,https://www.fileforce.jp,ファイルフォース
593, ,□正会員,株式会社ファイン,https://www.fine-d.co.jp/,ファイン
594, ,□正会員,ファインディ株式会社,https://findy.co.jp/,ファインディ
595, ,□正会員,株式会社ファインドゲート,https://www.findgate.co.jp/,ファインドゲート
596, ,□正会員,FunTre株式会社,https://funtre.co.jp/,ファントレ
597, ,□正会員,フィデル・テクノロジーズ株式会社,https://fideltech.jp/,フィデルテクノロジーズ
598, ,□正会員,フェアシステム株式会社,https://www.fairsystem.co.jp/,フェアシステム
599, ,□正会員,フェリタス社会保険労務士法人,https://www.ishikawa-sk.com/,フェリタスシャカイホケンロウムシホウジン
600, ,□正会員,フォーエム株式会社,https://web.fourm.co.jp/,フォーエム
601, ,□正会員,株式会社フォーカスシステムズ,https://www.focus-s.com/,フォーカスシステムズ
602, ,□正会員,株式会社フォーサイト,https://www.fsight-inc.co.jp/index.html,フォーサイト
603, ,□正会員,フォースバレー・コンシェルジュ株式会社,https://www.4th-valley.com/,フォースバレーコンシェルジュ
604, ,□正会員,株式会社400F,https://400f.jp/,フォーハンドレッドエフ
605, ,□正会員,株式会社フォーラムエイト,http://www.forum8.co.jp/,フォーラムエイト
606, ,□正会員,株式会社フォスターネット,https://foster-net.co.jp/,フォスターネット
607, ,□正会員,株式会社FoxitJapan,http://www.foxit.co.jp,フォックスイットジャパン
608, ,□正会員,株式会社フォトハイウェイ・ジャパン,https://gbnavi.jp/,フォトハイウェイジャパン
609, ,□正会員,株式会社フォトロン,http://www.photron.co.jp/,フォトロン
610, ,□正会員,フォルテックス株式会社,https://www.fortex-inc.co.jp,フォルテックス
611, ,□正会員,社会保険労務士法人FORROU,https://forrou-sr.jp,フォロー
612, ,□正会員,株式会社PHONE APPLI,https://phoneappli.net/,フォンアプリ
613, ,□正会員,福井コンピュータホールディングス株式会社,https://www.fukuicompu.co.jp/,フクイコンピュータホールディングス
614, ,□特別賛助会員,富士通株式会社,https://www.fujitsu.com/jp/,フジツウ
615, ,□正会員,富士通コミュニケーションサービス株式会社,http://www.fujitsu.com/jp/group/csl/,フジツウコミュニケーションサービス
616, ,□正会員,株式会社富士通ラーニングメディア,https://jp.fujitsu.com/group/flm/,フジツウラーニングメディア
617, ,□正会員,株式会社富士通ラーニングメディア沖縄,https://www.fujitsu.com/jp/group/flm/flmo/,フジツウラーニングメディアオキナワ
618, ,□正会員,株式会社富士通ラーニングメディア・スタッフ,https://www.fujitsu.com/jp/group/flm/flms/,フジツウラーニングメディアスタッフ
619, ,□準会員,FUJIYAMA  BRIDGE LAB株式会社,https://www.fujiyamabl.com/,フジヤマブリッジラボ
620, ,□正会員,株式会社フトゥーロ,http://co226.jp,フトゥーロ
621, ,□正会員,フリービット株式会社,http://www.freebit.com/,フリービット
622, ,□正会員,Frich株式会社,https://frich.co.jp/,フリッチ
623, ,□正会員,フルタニ産業株式会社,https://www.furutani-sangyou.co.jp/,フルタニサンギョウ
624, ,□正会員,フルライン株式会社,https://www.full-line.co.jp/,フルライン
625, ,□正会員,ブライシス株式会社,http://www.brisys.co.jp/,ブライシス
626, ,□正会員,ブルーテック株式会社,https://bluetec.co.jp,ブルーテック
627, ,□正会員,株式会社BluePort,https://blue-port.co.jp/,ブルーポート
628, ,□正会員,ブレークモア法律事務所,http://www.blakemore.gr.jp,ブレークモアホウリツジムショ
629, ,□正会員,株式会社ブレーンバディ,https://brainbuddy.co.jp/,ブレーンバディ
630, ,□正会員,プライマリー・アシスト株式会社,http://primary-assist.co.jp/,プライマリーアシスト
631, ,□正会員,株式会社プライムインフォ,https://primeinfo.co.jp/,プライムインフォ
632, ,□正会員,株式会社プラザ・イー,https://www.plaza-e.co.jp,プラザイー
633, ,□正会員,株式会社プラスバリュー,https://plusv.jp/,プラスバリュー
634, ,□正会員,プラナスソリューションズ株式会社,https://www.prunus-sol.co.jp/,プラナスソリューションズ
635, ,□準会員,プラネットワークス株式会社,https://planetworks.co.jp/,プラネットワークス
636, ,□正会員,Playflats合同会社,https://playflats.com/,プレイフラッツ
637, ,□正会員,株式会社プレミアムアーツ,http://www.premiumartsinc.wix.com/pai001,プレミアムアーツ
638, ,□正会員,株式会社プログデンス,https://www.progdence.co.jp/,プログデンス
639, ,□正会員,税理士法人プログレス,https://prgss.jp/,プログレス
640, ,□正会員,株式会社プロシップ,http://www.proship.co.jp/,プロシップ
641, ,□正会員,株式会社プロズプラス,https://prozplus.jp,プロズプラス
642, ,□一般賛助会員,社会福祉法人プロップ・ステーション,https://www.prop.or.jp/,プロップステーション
643, ,□正会員,株式会社プロモーション,https://promotion.co.jp/,プロモーション
644, ,□正会員,ベース株式会社,http://www.basenet.co.jp/,ベース
645, ,□正会員,ベクターワークスジャパン株式会社,https://www.vectorworks.co.jp/,ベクターワークスジャパン
646, ,□正会員,ベトリンクソリューションズ株式会社,https://vietlink.jp/,ベトリンクソリューションズ
647, ,□正会員,ベリタステクノロジーズ合同会社,https://www.veritas.com/ja/jp/company/corporate-profile,ベリタステクノロジーズ
648, ,□正会員,弁護士ドットコム株式会社,https://www.bengo4.com/corporate/,ベンゴシドットコム
649, ,□準会員,株式会社ベンチャーエージェント,https://www.venture-agent.com/,ベンチャーエージェント
650, ,□正会員,PagerDuty株式会社,https://www.pagerduty.co.jp/,ペイジャーデューティ
651, ,□正会員,株式会社ホープクリエイト,http://www.hcc-net.co.jp/,ホープクリエイト
652, ,□行政会員,北海道　北見市,http://www.city.kitami.lg.jp/,ホッカイドウ　キタミシ
653, ,□一般賛助会員,一般社団法人北海道ＩＴ推進協会,https://www.hicta.or.jp/,ホッカイドウアイティスイシンキョウカイ
654, ,□一般賛助会員,一般社団法人北海道情報システム産業協会,http://www.hisa.gr.jp/,ホッカイドウジョウホウシステムサンギョウキョウカイ
655, ,□行政会員,北海道　函館市,http://www.city.hakodate.hokkaido.jp/,ホッカイドウハコダテシ
656, ,□正会員,北港情報サービス株式会社,http://www.hokkohj.co.jp/,ホッコウジョウホウサービス
657, ,□正会員,株式会社本間システム,,ホンマシステム
658, ,□正会員,株式会社ボールド,http://www.bold.ne.jp/,ボールド
659, ,□準会員,vonxai合同会社,https://www.vonxai.co.jp/,ボンサイ
660, ,□正会員,ポスタス株式会社,https://www.postas.co.jp/,ポスタス
661, ,□正会員,株式会社ポリフレクト,https://www.poliflect.co.jp/,ポリフレクト
662, ,□正会員,マーキュリーHD株式会社,,マーキュリーエイチディ
663, ,□正会員,株式会社Maas Tech Japan,https://www.maas.co.jp/,マーステックジャパン
664, ,□正会員,株式会社マイクロメイツ,https://www.micromates.co.jp/,マイクロメイツ
665, ,□正会員,MicroWorld株式会社,https://microworld.co.jp/,マイクロワールド
666, ,□試験会場会員,株式会社マイナビEdge,https://www.mynavi-edge.jp/,マイナビエッジ
667, ,□正会員,株式会社マイネットシステム,https://www.mynet-system.co.jp/,マイネットシステム
668, ,□正会員,マイプラス株式会社,https://www.my-plus.co.jp/,マイプラス
669, ,□正会員,株式会社豆蔵,https://www.mamezou.com,マメゾウ
670, ,□正会員,株式会社豆蔵K2TOPホールディングス,https://www.mzk2.com/,マメゾウケーツートップホールディングス
671, ,□正会員,マルワソフト株式会社,https://www.maruwasoft.co.jp/,マルワソフト
672, ,□正会員,株式会社ミクロスソフトウエア,http://www.micros.co.jp/,ミクロスソフトウエア
673, ,□正会員,株式会社ミック,https://www.mic.jp/,ミック
674, ,□正会員,株式会社ミックウェアオートモーティブ,https://micware.co.jp/ja/group/automotive/,ミックウェアオートモーティブ
675, ,□正会員,株式会社ミップス,http://www.go-mips.co.jp/index.html,ミップス
676, ,□一般賛助会員,三菱ＵＦＪ信託銀行株式会社,https://www.tr.mufg.jp/,ミツビシユーエフジェイシンタクギンコウ
677, ,□正会員,ミミワークス株式会社,http://mimiworks.jp/,ミミワークス
678, ,□正会員,株式会社ミモザ情報システム,https://www.mimosa.co.jp/,ミモザジョウホウシステム
679, ,□行政会員,宮崎県　都城市,https://www.city.miyakonojo.miyazaki.jp/,ミヤザキケンミヤコノジョウシ
680, ,□正会員,株式会社ミラ,https://www.madebymira.com/,ミラ
681, ,□正会員,株式会社未来研究所,https://www.future-research.jp/,ミライケンキュウショ
682, ,□正会員,株式会社ミライル,https://miraillu.co.jp/,ミライル
683, ,□正会員,株式会社ミロク情報サービス,https://www.mjs.co.jp/,ミロクジョウホウサービス
684, ,□正会員,株式会社MOVED,https://www.moved.co.jp/,ムーブド
685, ,□正会員,mui Lab株式会社,https://muilab.com,ムイラボ
686, ,□正会員,名誉教授ドットコム株式会社,http://www.pedc.tohoku.org/,メイヨキョウジュドットコム
687, ,□正会員,method bank 株式会社,https://methodbank.jp/,メソッドバンク
688, ,□正会員,株式会社メディアシーク,https://www.mediaseek.co.jp/,メディアシーク
689, ,□正会員,株式会社メディアミックス,https://www.mediamix.inc/,メディアミックス
690, ,□正会員,株式会社メドミライ,https://www.medmirai.co.jp/,メドミライ
691, ,□正会員,株式会社Mealthy,https://mealthy.co.jp,メルシー
692, ,□準会員,株式会社ModelingX,https://modelingx.jp,モデリングエックス
693, ,□一般賛助会員,モバイルコンピューティング推進コンソーシアム,http://www.mcpc-jp.org/,モバイルコンピューティングスイシンコンソーシアム
694, ,□正会員,モビルス株式会社,https://mobilus.co.jp,モビルス
695, ,□正会員,株式会社モンスター・ラボ,https://monstar-lab.com/monstarlab-jp-profile/,モンスターラボ
696, ,□正会員,株式会社八雲ソフトウェア,https://8clouds.co.jp/,ヤクモソフトウェア
697, ,□正会員,社会保険労務士山田事務所,https://www.sryamada.jp,ヤマダジムショ
698, ,□正会員,弥生株式会社,https://www.yayoi-kk.co.jp/,ヤヨイ
699, ,□正会員,株式会社ユーコム,https://www.youcom.co.jp/,ユーコム
700, ,□正会員,ユーザックシステム株式会社,https://www.usknet.com/,ユーザックシステム
701, ,□正会員,株式会社USTAGE,https://www.ustage.net/,ユーステージ
702, ,□正会員,ユニインフォーメーション株式会社,https://www.uni-info.co.jp/,ユニインフォーメーション
703, ,□正会員,株式会社ユニリタプラス,http://www.uniritaplus.co.jp/,ユニリタプラス
704, ,□正会員,株式会社ユラスコア,https://www.yurascore.co.jp/,ユラスコア
705, ,□正会員,株式会社ユニリタ,https://www.unirita.co.jp/,ユリニタ
706, ,□正会員,株式会社横河技術情報,https://www.yti.co.jp/,ヨコガワギジュツジョウホウ
707, ,□正会員,株式会社ライズ・マーケティング・ジャパン,,ライズマーケティングジャパン
708, ,□正会員,株式会社ライトウェブ,https://lightweb.co.jp/,ライトウェブ
709, ,□準会員,株式会社ライトコード,https://rightcode.co.jp/,ライトコード
710, ,□準会員,株式会社ライフアカデミア,https://life-academia.co.jp/,ライフアカデミア
711, ,□正会員,株式会社LIFE CREATE,https://be-lifecreate.com/,ライフクリエイト
712, ,□正会員,LINEヤフー株式会社,https://www.lycorp.co.jp/,ラインヤフー
713, ,□正会員,株式会社ラキール,https://www.lakeel.com/,ラキール
714, ,□正会員,株式会社楽堂,https://www.rakudou.co.jp,ラクドウ
715, ,□正会員,ラクラス株式会社,http://www.lacras.co.jp/,ラクラス
716, ,□正会員,ラシックマーケティング株式会社,https://rashic.co.jp/,ラシックマーケティング
717, ,□正会員,株式会社ラック,https://www.lac.co.jp,ラック
718, ,□正会員,株式会社ラネクシー,https://www.runexy.co.jp/,ラネクシー
719, ,□正会員,株式会社ラピート,http://www.rapiit.com/,ラピート
720, ,□正会員,ラフゴ株式会社,https://corp.lafugo.com,ラフゴ
721, ,□準会員,株式会社ラボル,https://labol.co.jp/corp/,ラボル
722, ,□正会員,株式会社LegalOn Technologies,https://legalontech.jp/,リーガルオンテクノロジーズ
723, ,□正会員,Lydsec Digital Technology Japan株式会社,https://www.lydsec.com/ja/,リーセックデジタルテクノロジージャパン
724, ,□正会員,株式会社リアルソリューションズ,http://www.realsolutions.co.jp/,リアルソリューションズ
725, ,□正会員,リアルネットワークス株式会社,https://safr.com/ja/home/,リアルネットワークス
726, ,□正会員,株式会社理経,http://www.rikei.co.jp,リケイ
727, ,□正会員,株式会社リコー,https://www.ricoh.co.jp/,リコー
728, ,□正会員,リコーITソリューションズ株式会社,http://www.jrits.co.jp,リコーアイティソリューションズ
729, ,□正会員,リコージャパン株式会社,https://www.ricoh.co.jp/,リコージャパン
730, ,□準会員,Resource株式会社,https://resource-inc.com/company,リソース
731, ,□一般賛助会員,学校法人立志舎,https://www.all-japan.ac.jp/,リッシシャ
732, ,□正会員,株式会社栗菱コンピューターズ,https://ritsuryo.co.jp/,リツリョウコンピューターズ
733, ,□正会員,リデン株式会社,https://www.reden.co.jp,リデン
734, ,□準会員,株式会社LITORY,https://litory.jp/,リトリー
735, ,□正会員,株式会社リトルソフトウェア,https://www.littlesoftware.jp/,リトルソフトウェア
736, ,□正会員,株式会社Rehab for JAPAN,https://rehabforjapan.com/,リハブフォージャパン
737, ,□正会員,リバティ・フィッシュ株式会社,https://www.libertyfish.co.jp,リバティフィッシュ
738, ,□正会員,株式会社Re-Build,https://www.re-builds.co.jp/,リビルド
739, ,□正会員,株式会社リファクト,https://www.refact.co.jp/,リファクト
740, ,□準会員,株式会社リフカム,https://about.refcome.com/,リフカム
741, ,□準会員,株式会社LIFRELL,https://lifrell.co.jp/,リフレール
742, ,□正会員,株式会社リボルブ沖縄,https://www.revolveok.co.jp/,リボルブオキナワ
743, ,□正会員,株式会社リボルブ・シス,https://www.revolvesys.co.jp/,リボルブシス
744, ,□正会員,株式会社リメディア,http://www.remedia.co.jp/,リメディア
745, ,□正会員,株式会社リンクス,http://links-system.co.jp/,リンクス
746, ,□正会員,ルークコンサルタンツ株式会社,,ルークコンサルタンツ
747, ,□正会員,株式会社ルートプロ,http://rootpro.jp/,ルートプロ
748, ,□一般賛助会員,一般社団法人Ｒｕｂｙビジネス推進協議会,https://www.ruby-b.com/,ルビービジネススイシンキョウギカイ
749, ,□正会員,株式会社ルリアン,https://le-lien.co.jp/,ルリアン
750, ,□準会員,レッドアークラボラトリーズ合同会社,https://corp.rals.space,レッドアークラボラトリーズ
751, ,□正会員,レバテック株式会社,https://levtech.jp/company/,レバテック
752, ,□正会員,レヴィアス株式会社,https://levias.co.jp/,レヴィアス
753, ,□正会員,六元素情報システム株式会社,http://www.rgsis.com/,ロクゲンソジョウホウシステム
754, ,□正会員,ログオーシャン株式会社,http://www.locn.co.jp,ログオーシャン
755, ,□正会員,株式会社ロジックベイン,https://www.lvi.co.jp/,ロジックベイン
756, ,□正会員,ロジテックINAソリューションズ株式会社,https://www.logitec.co.jp/,ロジテックアイエヌエーソリューションズ
757, ,□正会員,ロック・ストアー・ハウス株式会社,https://www.r-sh.co.jp/,ロックストアーハウス
758, ,□準会員,株式会社ロックトゥーン,https://www.rocktoon.co.jp/,ロックトゥーン
759, ,□正会員,株式会社ROBON,https://www.robon.co.jp/,ロボン
760, ,□正会員,株式会社ワークスアプリケーションズ,https://www.worksap.co.jp/,ワークスアプリケーションズ
761, ,□正会員,株式会社ワークスアプリケーションズ・フロンティア,https://www.worksap.co.jp/frontier/,ワークスアプリケーションズフロンティア
762, ,□正会員,株式会社Works Human Intelligence,https://www.works-hi.co.jp,ワークスヒューマンインテリジェンス
763, ,□正会員,株式会社ワークスビジネスサービス,,ワークスビジネスサービス
764, ,□準会員,ワークデザイン福田合同会社,,ワークデザインフクダ
765, ,□正会員,株式会社ワイズ・マーケティング,http://www.ymktg.com,ワイズマーケティング
766, ,□正会員,株式会社Yメディカル,,ワイメディカル
767, ,□行政会員,和歌山県,https://ritti.pref.wakayama.jp/ict/,ワカヤマケン
768, ,□正会員,株式会社ワコム,https://www.wacom.com/ja-jp,ワコム
769, ,□正会員,ワンビ株式会社,http://www.onebe.co.jp/,ワンビ
770, ,□正会員,Verticurl Japan合同会社,https://www.verticurl.co.jp/,ヴァーティカルジャパン
771, ,□正会員,株式会社ヴァル研究所,https://www.val.co.jp/,ヴァルケンキュウジョ
772, ,□準会員,株式会社日本ソフトウェアブレイン,https://nsbrain.co.jp/,二ホンソフトウェアブレイン
701, ,□正会員,株式会社USTAGE,https://www.ustage.net/,ユーステージ
702, ,□正会員,ユニインフォーメーション株式会社,https://www.uni-info.co.jp/,ユニインフォーメーション
703, ,□正会員,株式会社ユニリタプラス,http://www.uniritaplus.co.jp/,ユニリタプラス
704, ,□正会員,株式会社ユラスコア,https://www.yurascore.co.jp/,ユラスコア
705, ,□正会員,株式会社ユニリタ,https://www.unirita.co.jp/,ユリニタ
706, ,□正会員,株式会社横河技術情報,https://www.yti.co.jp/,ヨコガワギジュツジョウホウ
707, ,□正会員,株式会社ライズ・マーケティング・ジャパン,,ライズマーケティングジャパン
708, ,□正会員,株式会社ライトウェブ,https://lightweb.co.jp/,ライトウェブ
709, ,□準会員,株式会社ライトコード,https://rightcode.co.jp/,ライトコード
710, ,□準会員,株式会社ライフアカデミア,https://life-academia.co.jp/,ライフアカデミア
711, ,□正会員,株式会社LIFE CREATE,https://be-lifecreate.com/,ライフクリエイト
712, ,□正会員,LINEヤフー株式会社,https://www.lycorp.co.jp/,ラインヤフー
713, ,□正会員,株式会社ラキール,https://www.lakeel.com/,ラキール
714, ,□正会員,株式会社楽堂,https://www.rakudou.co.jp,ラクドウ
715, ,□正会員,ラクラス株式会社,http://www.lacras.co.jp/,ラクラス
716, ,□正会員,ラシックマーケティング株式会社,https://rashic.co.jp/,ラシックマーケティング
717, ,□正会員,株式会社ラック,https://www.lac.co.jp,ラック
718, ,□正会員,株式会社ラネクシー,https://www.runexy.co.jp/,ラネクシー
719, ,□正会員,株式会社ラピート,http://www.rapiit.com/,ラピート
720, ,□正会員,ラフゴ株式会社,https://corp.lafugo.com,ラフゴ
721, ,□準会員,株式会社ラボル,https://labol.co.jp/corp/,ラボル
722, ,□正会員,株式会社LegalOn Technologies,https://legalontech.jp/,リーガルオンテクノロジーズ
723, ,□正会員,Lydsec Digital Technology Japan株式会社,https://www.lydsec.com/ja/,リーセックデジタルテクノロジージャパン
724, ,□正会員,株式会社リアルソリューションズ,http://www.realsolutions.co.jp/,リアルソリューションズ
725, ,□正会員,リアルネットワークス株式会社,https://safr.com/ja/home/,リアルネットワークス
726, ,□正会員,株式会社理経,http://www.rikei.co.jp,リケイ
727, ,□正会員,株式会社リコー,https://www.ricoh.co.jp/,リコー
728, ,□正会員,リコーITソリューションズ株式会社,http://www.jrits.co.jp,リコーアイティソリューションズ
729, ,□正会員,リコージャパン株式会社,https://www.ricoh.co.jp/,リコージャパン
730, ,□準会員,Resource株式会社,https://resource-inc.com/company,リソース
731, ,□一般賛助会員,学校法人立志舎,https://www.all-japan.ac.jp/,リッシシャ
732, ,□正会員,株式会社栗菱コンピューターズ,https://ritsuryo.co.jp/,リツリョウコンピューターズ
733, ,□正会員,リデン株式会社,https://www.reden.co.jp,リデン
734, ,□準会員,株式会社LITORY,https://litory.jp/,リトリー
735, ,□正会員,株式会社リトルソフトウェア,https://www.littlesoftware.jp/,リトルソフトウェア
736, ,□正会員,株式会社Rehab for JAPAN,https://rehabforjapan.com/,リハブフォージャパン
737, ,□正会員,リバティ・フィッシュ株式会社,https://www.libertyfish.co.jp,リバティフィッシュ
738, ,□正会員,株式会社Re-Build,https://www.re-builds.co.jp/,リビルド
739, ,□正会員,株式会社リファクト,https://www.refact.co.jp/,リファクト
740, ,□準会員,株式会社リフカム,https://about.refcome.com/,リフカム
741, ,□準会員,株式会社LIFRELL,https://lifrell.co.jp/,リフレール
742, ,□正会員,株式会社リボルブ沖縄,https://www.revolveok.co.jp/,リボルブオキナワ
743, ,□正会員,株式会社リボルブ・シス,https://www.revolvesys.co.jp/,リボルブシス
744, ,□正会員,株式会社リメディア,http://www.remedia.co.jp/,リメディア
745, ,□正会員,株式会社リンクス,http://links-system.co.jp/,リンクス
746, ,□正会員,ルークコンサルタンツ株式会社,,ルークコンサルタンツ
747, ,□正会員,株式会社ルートプロ,http://rootpro.jp/,ルートプロ
748, ,□一般賛助会員,一般社団法人Ｒｕｂｙビジネス推進協議会,https://www.ruby-b.com/,ルビービジネススイシンキョウギカイ
749, ,□正会員,株式会社ルリアン,https://le-lien.co.jp/,ルリアン
750, ,□準会員,レッドアークラボラトリーズ合同会社,https://corp.rals.space,レッドアークラボラトリーズ
751, ,□正会員,レバテック株式会社,https://levtech.jp/company/,レバテック
752, ,□正会員,レヴィアス株式会社,https://levias.co.jp/,レヴィアス
753, ,□正会員,六元素情報システム株式会社,http://www.rgsis.com/,ロクゲンソジョウホウシステム
754, ,□正会員,ログオーシャン株式会社,http://www.locn.co.jp,ログオーシャン
755, ,□正会員,株式会社ロジックベイン,https://www.lvi.co.jp/,ロジックベイン
756, ,□正会員,ロジテックINAソリューションズ株式会社,https://www.logitec.co.jp/,ロジテックアイエヌエーソリューションズ
757, ,□正会員,ロック・ストアー・ハウス株式会社,https://www.r-sh.co.jp/,ロックストアーハウス
758, ,□準会員,株式会社ロックトゥーン,https://www.rocktoon.co.jp/,ロックトゥーン
759, ,□正会員,株式会社ROBON,https://www.robon.co.jp/,ロボン
760, ,□正会員,株式会社ワークスアプリケーションズ,https://www.worksap.co.jp/,ワークスアプリケーションズ
761, ,□正会員,株式会社ワークスアプリケーションズ・フロンティア,https://www.worksap.co.jp/frontier/,ワークスアプリケーションズフロンティア
762, ,□正会員,株式会社Works Human Intelligence,https://www.works-hi.co.jp,ワークスヒューマンインテリジェンス
763, ,□正会員,株式会社ワークスビジネスサービス,,ワークスビジネスサービス
764, ,□準会員,ワークデザイン福田合同会社,,ワークデザインフクダ
765, ,□正会員,株式会社ワイズ・マーケティング,http://www.ymktg.com,ワイズマーケティング
766, ,□正会員,株式会社Yメディカル,,ワイメディカル
767, ,□行政会員,和歌山県,https://ritti.pref.wakayama.jp/ict/,ワカヤマケン
768, ,□正会員,株式会社ワコム,https://www.wacom.com/ja-jp,ワコム
769, ,□正会員,ワンビ株式会社,http://www.onebe.co.jp/,ワンビ
770, ,□正会員,Verticurl Japan合同会社,https://www.verticurl.co.jp/,ヴァーティカルジャパン
771, ,□正会員,株式会社ヴァル研究所,https://www.val.co.jp/,ヴァルケンキュウジョ
772, ,□準会員,株式会社日本ソフトウェアブレイン,https://nsbrain.co.jp/,二ホンソフトウェアブレイン
